repo,author,sha,additions,deletions,delta_nloc,before_ccn_sum,after_ccn_sum,delta_ccn_sum,before_ccn_mean,after_ccn_mean,delta_ccn_mean,linhas_por_abs_delta_ccn
827362/based,827362,e990bf60afd119c77cb6979a2ce5fa8d0bbd8275,1,0,1,468,468,0,1.481,1.481,0.0,0.0
827362/based,827362,74296dd714496141a2b5050eb63de71606433fd0,111,162,-31,471,468,-3,1.476,1.481,0.005,37.0
827362/based,827362,48c8084fbddc04c8e0721c9e682815e93721985d,1,0,0,398,398,0,1.458,1.458,0.0,0.0
827362/based,827362,70839b7f8e0dce13fd8e425172cdbb4cfcdc6ff0,179,4,171,417,421,4,1.414,1.413,-0.001,44.75
827362/based,827362,9bc90b0c7770caffb68dfdd6d907fea8d399097c,4,1,3,385,385,0,1.447,1.447,0.0,0.0
827362/based,827362,6372dddd4b364c37b494375f3d3a69c3299f4b8e,360,166,152,365,385,20,1.42,1.447,0.027,18.0
827362/based,827362,93584d750b95891bbdd76191596d3ea869a416b3,293,82,463,273,297,24,1.437,1.456,0.019,12.208
awano27/ai-news-site,github-actions[bot],6647923c4870b2ffb45ec81815f22823b89d2eab,423,380,75,1781,1781,0,4.355,4.355,0.0,0.0
OpenTermsArchive/GenAI-snapshots,OTA-Bot,24c7e904a69e829e1f97dbe4cb6097ae37d4408c,2,2,0,4247,4247,0,3.875,3.875,0.0,0.0
OpenTermsArchive/GenAI-snapshots,OTA-Bot,d0f18ff85f4c734c99e9e698d90aa042a9c46fb8,1,1,0,4247,4247,0,3.875,3.875,0.0,0.0
OpenTermsArchive/GenAI-snapshots,OTA-Bot,da894d954195ebd8da0161ed08ba0ac403465f18,2,2,0,4247,4247,0,3.875,3.875,0.0,0.0
OpenTermsArchive/GenAI-snapshots,OTA-Bot,d1e782f26355f60340b8b63f4460c6b344b2ba0d,2,2,0,4247,4247,0,3.875,3.875,0.0,0.0
OpenTermsArchive/GenAI-snapshots,OTA-Bot,e838be20a61c15ddcd8b329dba802499e1713b1a,1,1,0,4247,4247,0,3.875,3.875,0.0,0.0
OpenTermsArchive/GenAI-snapshots,OTA-Bot,d6df3a694b5eac0d6a01dde9a7776f42d18b39ee,2,2,0,4247,4247,0,3.875,3.875,0.0,0.0
OpenTermsArchive/GenAI-snapshots,OTA-Bot,83d4d46c2d2ff5b10b3459d21839b038c3f6160f,2,2,0,4247,4247,0,3.875,3.875,0.0,0.0
OpenTermsArchive/GenAI-snapshots,OTA-Bot,a951a46e8fe9a5f0aacbe1734e1ea6590a6d914a,2,2,0,4247,4247,0,3.875,3.875,0.0,0.0
OpenTermsArchive/GenAI-snapshots,OTA-Bot,e3aa1d5a4f6d392f64cac00a76fd36fe109b8b17,1,1,0,4247,4247,0,3.875,3.875,0.0,0.0
OpenTermsArchive/GenAI-snapshots,OTA-Bot,6b8a60692c224d48ac01316b0cc7549a5e0b61e4,1,1,0,4247,4247,0,3.875,3.875,0.0,0.0
OpenTermsArchive/GenAI-snapshots,OTA-Bot,c8c37a02df1b1f3d264e991a54a499709bfa3a34,2,2,0,4247,4247,0,3.875,3.875,0.0,0.0
OpenTermsArchive/GenAI-snapshots,OTA-Bot,0d981dae1bd7b6315bb560754fc24d7d1aceddc8,2,2,0,4247,4247,0,3.875,3.875,0.0,0.0
OpenTermsArchive/GenAI-snapshots,OTA-Bot,30962b9647b8dc9722484e219da442eba3649bd3,2,2,0,4247,4247,0,3.875,3.875,0.0,0.0
OpenTermsArchive/GenAI-snapshots,OTA-Bot,8e92dbb3ba71459024f19f00b8f4f116cc2954b6,1,1,0,4247,4247,0,3.875,3.875,0.0,0.0
OpenTermsArchive/GenAI-snapshots,OTA-Bot,03f3e44d26f1cd7ca1c5bbad38fef9d2c1d21ac7,2,2,0,4247,4247,0,3.875,3.875,0.0,0.0
unreal-art/console,laciferin2024,61d5da56aff54370161617c66b129202bc184185,4691,1077,2591,701,1261,560,1.504,1.925,0.421,8.377
rubenayla/partle,rubenayla,f491cf22762c7080df6e0acb3a3c63d543ffe5a7,89,0,77,2584,2584,0,3.822,3.822,0.0,0.0
rubenayla/partle,rubenayla,2b6f93b5c642af0840a6ed9e0420d31968155c07,729,0,598,2478,2478,0,3.933,3.933,0.0,0.0
rubenayla/partle,rubenayla,48edc24274eecc6d63fd11c5281afb5f2475a345,217,0,169,2464,2478,14,3.949,3.933,-0.016,15.5
rubenayla/partle,rubenayla,b63e7f3c075f767c842928b8fad67ae8313b75cf,4711,0,3602,1341,2464,1123,2.386,3.949,1.563,4.195
rubenayla/partle,rubenayla,083a3f0f882197a86f19c4016078d7336ac43ad0,441,10,4,1341,1341,0,2.386,2.386,0.0,0.0
marekprusinski/ai_team,marekprusinski,59de8c8ad5bfade78ba75e57eca26d9713fc4a78,1304,102,1084,222,277,55,1.542,1.659,0.117,23.709
Nostalagic-ash777/MindCare_AI,Nostalagic-ash777,10dc9e7789d1f582228b4f8e325cf74594c90404,0,0,0,6,6,0,1.5,1.5,0.0,0.0
naoota12345678/jyoseikinrescue,maruyamadr,1191c94f3680ac0654a1adf6e570525b1ba96fd3,923,0,749,571,571,0,3.021,3.021,0.0,0.0
afshinm/semantic-kernel-js,Copilot,71897a8dc216a68a324b3e2ea3272f60d9d5321c,243,2,171,803,821,18,1.809,1.796,-0.013,13.5
naoota12345678/jyoseikinrescue,maruyamadr,d8bbcf952c5004cb3b5723c5a8c8641767e03faa,609,61,423,503,571,68,2.994,3.021,0.027,8.956
naoota12345678/jyoseikinrescue,maruyamadr,b1d4dd54bdd2e2f3bff10d109e0764596d1b3738,827,56,628,494,503,9,2.958,2.994,0.036,91.889
redandcold/LLM-language-learning-app,redandcold,6801035b04c86eefe6f1101edc0e3a7000833edf,1066,207,-5,367,424,57,2.062,2.029,-0.033,18.702
GUESTVALENCIA/SANDRA_IA_7.0,GUESTVALENCIA,b2b9af5283f27fc917ef91e7064f3b4e1e286f8a,566,0,426,1344,1411,67,2.077,2.09,0.013,8.448
GUESTVALENCIA/SANDRA_IA_7.0,GUESTVALENCIA,ed12704443449a118e35192f9f864c28ed253a97,1641,538,807,1258,1344,86,2.062,2.077,0.015,19.081
Nostalagic-ash777/MindCare_AI,Nostalagic-ash777,a4d31733489fb1035cfcc3ba91cda3296177e8ac,27,0,15,0,0,0,0.0,0.0,0.0,0.0
contactevin2u/orderops-fullstack,contactevin2u,8cde6d1778b7397703006604cad5619da04cf56d,10,7,3,2093,2093,0,2.4,2.4,0.0,0.0
johnmichaelkuczynski/CognitiveEnhancer,johnmichaelkucz,6b3d8c5401a50d9aa52ec1c9aa35e3b27c79e0c1,19,6,11,598,600,2,1.586,1.587,0.001,9.5
johnhughes3/llm-burst,jj3ny,769358a433fc009c911665eba560d9f5425036bb,4697,171,3418,1115,1931,816,3.805,3.442,-0.363,5.756
chasemarshall/scope,chasemarshall,6bddff34c3ee490a93f351349e170ef62f081a75,1,1,0,229,229,0,2.245,2.245,0.0,0.0
chasemarshall/scope,chasemarshall,1b6e02e23815957586d1cf071365b4931638a0d0,289,8,108,199,229,30,2.211,2.245,0.034,9.633
daoch4n/mcp-devtools,daoch4n,9b94569b1c0f8c059b745e1dd478600591666889,2,0,2,337,337,0,3.624,3.624,0.0,0.0
Amberh2616/STYLEMATE,Amberh2616,ebac1bbd1da06f169d52b0bffad8595a0a8aee8e,6501,1192,-119411,5538,5811,273,2.815,2.844,0.029,23.813
ChrisChoTW/ChrisChoTW.github.io,ChrisChoTW,95b3a9b2299ceae09c90a9e1729f1af77719b3d9,87,0,0,0,0,0,0.0,0.0,0.0,0.0
theopenco/llmgateway,steebchen,d302f2258f28cc790ae83745321dd679136ff534,500,95,345,2862,2873,11,1.89,1.884,-0.006,45.455
OpenTermsArchive/GenAI-snapshots,OTA-Bot,eae58bec727aa4a98deb0a47db4d329da0577ad2,2,2,0,4251,4251,0,3.858,3.858,0.0,0.0
OpenTermsArchive/GenAI-snapshots,OTA-Bot,8697a1966255c11e66959b22fcbc14f0d2e2bce1,2,2,0,4251,4251,0,3.858,3.858,0.0,0.0
OpenTermsArchive/GenAI-snapshots,OTA-Bot,92d6921d78ef692e7ded0929d34ed94453345c3d,2,2,0,4251,4251,0,3.858,3.858,0.0,0.0
OpenTermsArchive/GenAI-snapshots,OTA-Bot,26d41796ce6f8bae81a31c8b53d45bc8f3dcec41,2,2,0,4251,4251,0,3.858,3.858,0.0,0.0
OpenTermsArchive/GenAI-snapshots,OTA-Bot,1f79afd0437e4b13e80820983f3c1385c10a7e8e,2,2,0,4251,4251,0,3.858,3.858,0.0,0.0
OpenTermsArchive/GenAI-snapshots,OTA-Bot,299402b0e9a7784461830ae839d457c9b3670b70,2,2,0,4251,4251,0,3.858,3.858,0.0,0.0
OpenTermsArchive/GenAI-snapshots,OTA-Bot,34ce626dd1cd50fa76a309f3929e943030dfb817,2,2,0,4251,4251,0,3.858,3.858,0.0,0.0
OpenTermsArchive/GenAI-snapshots,OTA-Bot,7ef92c938fb39f3b471be88f682871d2d74866cf,2,2,0,4251,4251,0,3.858,3.858,0.0,0.0
OpenTermsArchive/GenAI-snapshots,OTA-Bot,131abcbf2c6438253691d2f938b7f634596fc16e,2,2,0,4251,4251,0,3.858,3.858,0.0,0.0
OpenTermsArchive/GenAI-snapshots,OTA-Bot,ea58c354c28e93b4fbba77b9a7f0bb8f71920306,2,2,0,4251,4251,0,3.858,3.858,0.0,0.0
OpenTermsArchive/GenAI-snapshots,OTA-Bot,9f257110fc4cc6b00280c317c9f8685f56cd4427,2,2,0,4251,4251,0,3.858,3.858,0.0,0.0
OpenTermsArchive/GenAI-snapshots,OTA-Bot,de39903b99a439482756bfeef49b857520b7ad47,2,2,0,4251,4251,0,3.858,3.858,0.0,0.0
OpenTermsArchive/GenAI-snapshots,OTA-Bot,3f62fee5d007cbf494815533da448f79f3db78f5,2,2,0,4251,4251,0,3.858,3.858,0.0,0.0
OpenTermsArchive/GenAI-snapshots,OTA-Bot,fcfdeb43f6fb8f0bc891ac7b6257f31a93d44e86,1,1,0,4251,4251,0,3.858,3.858,0.0,0.0
OpenTermsArchive/GenAI-snapshots,OTA-Bot,f11f29bea5afbe9d605ef8d2772fc51f5390c858,2,2,0,4251,4251,0,3.858,3.858,0.0,0.0
voyd-lang/voyd,drew-y,c5383a3675eb9c8a5e4cc1df51393609e1bb1fc9,45,73,-22,2686,2671,-15,2.103,2.092,-0.011,3.0
ShuhaoZQGG/jarvis,ShuhaoZQGG,e5adb2339e66025d09fa7772400680ed9d43492c,642,256,324,704,704,0,1.383,1.383,0.0,0.0
xlsynth/xlsynth-crate,cdleary,1749c52be8a33d28d49f1ddf9a9cde9c960f3f05,158,0,130,6043,6112,69,2.967,2.998,0.031,2.29
theopenco/llmgateway,steebchen,8bc76d0ce692df17177e2fd9b62a0ebb18fc97c5,149,4,130,2842,2850,8,1.901,1.896,-0.005,18.625
scottames/dots,renovate[bot],f0d485846a1c534a5a9f6a1fd82df915154054ee,82,82,0,294,294,0,2.146,2.146,0.0,0.0
citruswhale/Qrunch,citruswhale,298ecf77e46d53c7c1773cc88decf3a00e6453e9,279,9,190,20,32,12,1.818,1.882,0.064,23.25
kp30evg/evg-ai,kp30evg,109634d7730be52b4adb359a0c2b7bc4d839f957,2816,87,12979,330,405,75,1.728,1.792,0.064,37.547
backspacevenkat/polydev-website,backspacevenkat,7f8111463d2a4ba7b6e4d7d3ce6db6c9eb6bc89b,41,20,0,808,808,0,2.349,2.349,0.0,0.0
backspacevenkat/polydev-website,backspacevenkat,deb002dca7f1e0af5504c61c950e97b269a9f41f,2197,64,1336,722,808,86,2.423,2.349,-0.074,25.547
ShuhaoZQGG/jarvis,ShuhaoZQGG,bd32e543a87f44136aa2ee136cbdddf6f26dd1f0,11537,98,11259,142,156,14,1.379,1.418,0.039,824.071
datablogin/nav-insights,datablogin,fd22447f145f3709edae8f3a210e0b3b8e735bbf,755,107,515,929,1020,91,2.732,2.677,-0.055,8.297
blackborz01/ai-dev-tools-blog,Nail Muradov,e720d14813618b1b6f852f188f0976661653c100,49,23,18,2401,2406,5,1.936,1.934,-0.002,9.8
rajstories/BuildDost,rajstories,0a17b4291d3dddfae38d06457beb82721f91c3c6,59,11,1199,1045,1041,-4,1.667,1.671,0.004,14.75
wsjung2023/Tutor_module_library,mainstop3,958661afc7597b41552c73d2da66c8e82d954c0e,94,5,34,949,958,9,1.719,1.732,0.013,10.444
thewiseoldsageltd/bonushunter,barry76,d7d2be9dc6e17d219ebe3699e170f52afce794f8,7,4,3,6199,6200,1,2.713,2.713,0.0,7.0
thewiseoldsageltd/bonushunter,barry76,952ec749a74550147c15661280f9b95a4a2780bf,12,3,9,6199,6199,0,2.713,2.713,0.0,0.0
harbinzhang/harbinzhang.github.io,harbinzhang,b9b87f6b34b0a488c79448053787b4a687f78df6,2,3,0,0,0,0,0.0,0.0,0.0,0.0
theopenco/llmgateway,steebchen,aa548700979fe9126e9d663dd4d10a1c9b5e55a7,22,0,22,2841,2841,0,1.903,1.903,0.0,0.0
thomasveit89/designsnack-lead-generator,thomasveit89,06e02e0e20b09334396b5f4f5da0942519cbd692,1992,37,1467,157,318,161,2.707,3.419,0.712,12.373
kp30evg/evg-ai,kp30evg,465c8982ce2e4d75540cd0cc75dff526cec2d965,13899,1756,33291,224,330,106,1.806,1.728,-0.078,131.123
clarencemoreno/multi-agentic-ai-starter-template,clarencemoreno,e3bdea7b04b5c79bf7696f2710a072989fa8ef9c,3,3,0,0,0,0,0.0,0.0,0.0,0.0
clarencemoreno/multi-agentic-ai-starter-template,clarencemoreno,d47a9ec3d9c14ff26c46699dd321edde195aed9b,105,19,71,0,0,0,0.0,0.0,0.0,0.0
GUESTVALENCIA/SANDRA_IA_7.0,GUESTVALENCIA,6431225b5422523307513631972d71401da7d3a5,909,11,741,0,0,0,0.0,0.0,0.0,0.0
okeidar/REAnalysis,okeidar,e25b7fcf1946fc9b8a2cf20101bd4fee9c533013,2546,220,1822,1348,1492,144,2.487,2.546,0.059,17.681
GUESTVALENCIA/SANDRA_IA_7.0,GUESTVALENCIA,3e02fc190424ceb729466aba1080140d67ce2836,1,0,0,0,0,0,0.0,0.0,0.0,0.0
raoulalobo/cogiflow,Votre Nom,cbbcdbb692dc2cdeda4565a2d62957dde731b6ec,26,26,8940,110,113,3,1.222,1.228,0.006,8.667
nljolie/credli-ai-clean,Nicole Jolie Be Socially Smashing,8de5f0c830f6cdd5abffb418b3538409e384a593,9,30,-18,285,285,0,1.717,1.717,0.0,0.0
nljolie/credli-ai-clean,Nicole Jolie Be Socially Smashing,064af3d43a6c0ce161d36060863c092ea591f9bc,80,32,41,285,285,0,1.717,1.717,0.0,0.0
RewLight/foreground-monitor,RewLight,8df83e16285d8b4ae897d0aa5b02d681656095bb,685,1063,-336,202,200,-2,4.81,4.651,-0.159,342.5
frontunafronend/frontuna-app,frontunafronend,7db194d6e326b0ef00ab2900a795dee5f6765577,152,18,111,3227,3231,4,1.59,1.59,0.0,38.0
RoninXu/smooth-sql,RoninXu,afe2f4d37b15268f60c023d0075c558fb48eb2cc,438,10,251,671,699,28,1.699,1.652,-0.047,15.643
rajstories/BuildDost,rajstories,85181f12829710bdfed1e94abff10f9b3d5d629d,980,7,1991,948,951,3,1.559,1.562,0.003,326.667
Dip-ankar/chatGpt-project,Dip-ankar,f90a8b23c10e5e1b03655c5189fcd3f71dfca391,0,0,-6,996,996,0,3.984,3.984,0.0,0.0
remilatoufik1-byte/dark-control-server,remilatoufik1-byte,e6aef4f5858cfd23de6f5a01fa5be8c48a78c06d,78,0,59,14,34,20,2.333,4.25,1.917,3.9
OpenTermsArchive/GenAI-snapshots,OTA-Bot,4160dff9537d59bacdaca26e442b7e5b2d04e088,2,2,0,4246,4246,0,3.843,3.843,0.0,0.0
OpenTermsArchive/GenAI-snapshots,OTA-Bot,855df4079612a6d0f5e5d4f7e1e8937707a22d9a,2,2,0,4246,4246,0,3.843,3.843,0.0,0.0
OpenTermsArchive/GenAI-snapshots,OTA-Bot,0cb23284ac7c7476f7a4651b648885e1b8ac90ef,2,2,0,4246,4246,0,3.843,3.843,0.0,0.0
OpenTermsArchive/GenAI-snapshots,OTA-Bot,07179ea45d3ce41329fde6ef4fff859538a6cf29,2,2,0,4246,4246,0,3.843,3.843,0.0,0.0
OpenTermsArchive/GenAI-snapshots,OTA-Bot,46062240ffa437f3db4820233eeb6a9e3aaae666,2,2,0,4246,4246,0,3.843,3.843,0.0,0.0
OpenTermsArchive/GenAI-snapshots,OTA-Bot,3902179acfffb3eb77a5af4e3643fd22232bfab1,2,2,0,4246,4246,0,3.843,3.843,0.0,0.0
OpenTermsArchive/GenAI-snapshots,OTA-Bot,f3396abce133a9004cc690d2fd2552190d9d5651,1,1,0,4246,4246,0,3.843,3.843,0.0,0.0
OpenTermsArchive/GenAI-snapshots,OTA-Bot,88e652775cf9321972679888c867e9ab340bc05a,2,2,0,4246,4246,0,3.843,3.843,0.0,0.0
OpenTermsArchive/GenAI-snapshots,OTA-Bot,e40b2398ab7c177118fc8134bc8d0d26d4c361f4,2,2,0,4246,4246,0,3.843,3.843,0.0,0.0
OpenTermsArchive/GenAI-snapshots,OTA-Bot,b7c09044b545792829fc8da2d18eabfd098be5af,2,2,0,4246,4246,0,3.843,3.843,0.0,0.0
OpenTermsArchive/GenAI-snapshots,OTA-Bot,500bd05ecee79cbe5b156de2bfd2bd1110c9d22c,2,2,0,4246,4246,0,3.843,3.843,0.0,0.0
skyasu2/openmanager-vibe-v5,skyasu2,f40137ff7cd9ebcb909f285af5fb08c3e56e1c5c,306,52,176,18247,18247,0,1.769,1.769,0.0,0.0
OpenTermsArchive/GenAI-snapshots,OTA-Bot,302390aa43df9845ae6826cdf02125c1a4cad491,2,2,0,4246,4246,0,3.843,3.843,0.0,0.0
OpenTermsArchive/GenAI-snapshots,OTA-Bot,064afb77948cd33a5b2c52e39d0f5fea00d716de,2,2,0,4246,4246,0,3.843,3.843,0.0,0.0
OpenTermsArchive/GenAI-snapshots,OTA-Bot,0107548b192a32d608ec84b234543a21448419fd,1,1,0,4246,4246,0,3.843,3.843,0.0,0.0
OpenTermsArchive/GenAI-snapshots,OTA-Bot,2538b4216ace4e52eabd70de51662b70ab537e31,1,1,0,4246,4246,0,3.843,3.843,0.0,0.0
brainybuddy/swistack_app,MACBOOK,4796ea9e59c3b55771b79e8f1a5b00e4a3f2fc75,6354,171,4462,2921,3112,191,2.226,2.185,-0.041,33.267
chyx/chat-syncer,chyx,4cf12657c56b21e09c3a96c711d288f34633c70a,1005,13,812,131,220,89,1.701,1.849,0.148,11.292
michael-borck/talk-buddy,michael-borck,2db1d3b1a08ba9cd30e5af7ca4f0ca6c00c5a4e0,108,30,73,1346,1366,20,2.27,2.288,0.018,5.4
nabariho/health-savings-account-manager,nabariho,4643e082479cd21c1f3abe51dd1970a522e19ed1,1372,141,1041,801,802,1,2.033,2.03,-0.003,1372.0
find-xposed-magisk/lobe-chat,semantic-release-bot,f326e8989e7ab2db24da8aeb1a9f8710dfab7605,26,1,807,25466,25466,0,1.359,1.359,0.0,0.0
mpiyarul143-art/Lubo-hub,semantic-release-bot,f326e8989e7ab2db24da8aeb1a9f8710dfab7605,26,1,807,25466,25466,0,1.359,1.359,0.0,0.0
lobehub/lobe-chat,semantic-release-bot,f326e8989e7ab2db24da8aeb1a9f8710dfab7605,26,1,807,25466,25466,0,1.359,1.359,0.0,0.0
Craig-0219/potato,root,b03cba2c3d323f1ce5820a0e319dda555b097265,341,5,264,11581,11581,0,3.448,3.448,0.0,0.0
araeLaver/blog-automation,araeLaver,84517facf9dae0fade823c9ac5b9e381deb1f84d,735,0,674,2857,2898,41,4.264,4.312,0.048,17.927
ifukazoo/openai-chat-proxy,ifukazoo,1199d8a285008b77639529f45767842f03579d94,9,9,0,4,4,0,2.0,2.0,0.0,0.0
crothmeier/T4DailyDriver,crothmeier,66192e35cb7b871f9bd0236599e8b89aad10671a,771,5,534,907,990,83,3.286,3.311,0.025,9.289
ifukazoo/openai-chat-proxy,ifukazoo,345650c3d1e035f4bda81fac695155fb7000c877,1,1,0,4,4,0,2.0,2.0,0.0,0.0
aryorogo4-gif/enya-whatsapp-bot,aryorogo4-gif,a02728284b667ebd7fe032f7beaa807822dcbf21,43,0,34,0,0,0,0.0,0.0,0.0,0.0
vm799/drug-trial-syneticx-integration,vm799,374d8d3a5364035ece9aeaf7814e58a3666e48a4,276,9,267,1627,1627,0,1.686,1.686,0.0,0.0
crothmeier/T4DailyDriver,crothmeier,de90bc57d79fbb70e72102645d6c8826de699c58,3367,29,2389,587,907,320,3.579,3.286,-0.293,10.522
alisha-allie/Sorted-TheNewApp,alishaallie,3960f4d88f7421d44dd2bd93e2e00d9bd036119d,208,97,124,795,786,-9,1.916,1.912,-0.004,23.111
PolinaFisch/java_practice,Polina,3e0f738c47b175022a17eb96a4aeac6a5f93c8c7,0,0,0,665,665,0,1.468,1.468,0.0,0.0
lee197/AI-Brain,lee197,160165413aec5a5c89741dee55b0e61cb756962f,1064,530,253,1633,1648,15,1.987,2.0,0.013,70.933
Thabonel/wheels-wins-landing-page,claude,151db2616dbef66a15db7e4f0fcd35ef1ea99fea,117,1,111,36740,36740,0,2.731,2.731,0.0,0.0
bluegreenmirror/loan-calculator-trial,bluegreenmirror,2c68d32e1416c429d3598c589aef1b94cdc1d381,185,0,140,51,51,0,1.275,1.275,0.0,0.0
Thabonel/wheels-wins-landing-page,claude,578868b410d7c0069e40a2acd470c6dae5251867,83,28,50,36740,36740,0,2.731,2.731,0.0,0.0
Thabonel/wheels-wins-landing-page,claude,9e5b47b8a473150331ba4f8229e09ad0819cdb09,214,7,166,36712,36740,28,2.73,2.731,0.001,7.643
Thabonel/wheels-wins-landing-page,claude,10915bc8d15032508e7c20d6ed16436fb6ea5474,123,106,-7,36715,36712,-3,2.73,2.73,0.0,41.0
brudallism/meal-planner-ai,brudallism,a768949d7a35daa4f893ce3c61033c417e092baa,2732,224,2471,164,197,33,1.451,1.551,0.1,82.788
KamalKishor-FrontEndDeveloper/chatbot-LLM,KAMAL KISHOR,f1768c2f1caa52efa88b3fdaf488ccde9e16447a,403,25,155,521,549,28,1.459,1.468,0.009,14.393
its-ansh-jha/AIDevPlatform,lisega8121,78560f1f4307b5d6c13bcb73e39ff60e7f39fa3d,849,51,688,768,804,36,1.485,1.531,0.046,23.583
Alvarezitooo/phoenix-monorepo-clean,Alvarezitooo,00d70b44bc2861335f66a9a1f311281dfd0ee5fb,144,36,68,5896,5915,19,2.637,2.643,0.006,7.579
disposable/disposable-email-domains,smeinecke,d1092db0348a7b4c98ae027c2cdde92898d40184,1508,2323,-815,282,282,0,6.13,6.13,0.0,0.0
siteoptz/siteoptz,Antonio Mendoza,698cd3b462026d5c9e88e909bf459e57e07e8a97,3126,846,2264,11501,11501,0,2.68,2.68,0.0,0.0
Satoshi91/legal-ai-rag,Satoshi91,6addef7d09dca6d58f8a448b8c8cbf1717a2f830,622,7,415,2,47,45,1.0,2.611,1.611,13.822
kp30evg/evg-ai,kp30evg,2f3f0a38394156e9cb97365f2f7fd2ec2372f31f,228,137,71,224,224,0,1.806,1.806,0.0,0.0
kp30evg/evg-ai,kp30evg,3800f46d6192bdc8b3d1f768b78be51f984b5a15,3061,716,1620,182,224,42,2.141,1.806,-0.335,72.881
mjnhbg3/Realtalk,Duke Kesten,5a6f36e5929aad622975908ab390580c90f6db12,2349,373,952,809,707,-102,4.703,4.337,-0.366,23.029
OpenTermsArchive/GenAI-snapshots,OTA-Bot,706b3b094b3f5d38d15e9f37967a822c7027ccfb,2,2,0,4509,4509,0,3.854,3.854,0.0,0.0
OpenTermsArchive/GenAI-snapshots,OTA-Bot,261ccba21359cde91ca2908c4476233d67cc1623,2,2,0,4509,4509,0,3.854,3.854,0.0,0.0
OpenTermsArchive/GenAI-snapshots,OTA-Bot,3b2cf6b11c537e5ae0358927d16a85bffc472591,2,2,0,4509,4509,0,3.854,3.854,0.0,0.0
OpenTermsArchive/GenAI-snapshots,OTA-Bot,8e04ac358aeaae2c8e196072b0dddd3895f24e5f,2,2,0,4509,4509,0,3.854,3.854,0.0,0.0
OpenTermsArchive/GenAI-snapshots,OTA-Bot,20555b374dcb1362b1ed692487b80e187abac0c4,2,2,0,4509,4509,0,3.854,3.854,0.0,0.0
OpenTermsArchive/GenAI-snapshots,OTA-Bot,594590ec2ef138f511beb0b777164ec16117ffba,2,2,0,4509,4509,0,3.854,3.854,0.0,0.0
OpenTermsArchive/GenAI-snapshots,OTA-Bot,e2f5d5eef6abc9cf41052728c52ab0f20ae5970b,2,2,0,4509,4509,0,3.854,3.854,0.0,0.0
OpenTermsArchive/GenAI-snapshots,OTA-Bot,247831b90357e037701c74bf76640d17a8868050,2,2,0,4509,4509,0,3.854,3.854,0.0,0.0
OpenTermsArchive/GenAI-versions,OTA-Bot,74a2f9b2bb74e1b3acc06b2d5fe8d2358f203053,3,3,0,0,0,0,0.0,0.0,0.0,0.0
OpenTermsArchive/GenAI-snapshots,OTA-Bot,93cd70e44086a665159fa396d6d97a29a7584030,2,2,0,4509,4509,0,3.854,3.854,0.0,0.0
OpenTermsArchive/GenAI-versions,OTA-Bot,bb281a8939a16d1da3767b6e510e050517c51aee,89,92,-3,0,0,0,0.0,0.0,0.0,0.0
OpenTermsArchive/GenAI-snapshots,OTA-Bot,b2fc82a8760e39a1c9c3ef955465686697e76ac5,2,2,0,4509,4509,0,3.854,3.854,0.0,0.0
OpenTermsArchive/GenAI-versions,OTA-Bot,67e01af509f492178b1c1f7c1d6b8fb870fdddbd,15,15,0,0,0,0,0.0,0.0,0.0,0.0
OpenTermsArchive/GenAI-snapshots,OTA-Bot,59c42b799c3d75155a9b87ad70d052a8ba5cbedc,2,2,0,4509,4509,0,3.854,3.854,0.0,0.0
OpenTermsArchive/GenAI-snapshots,OTA-Bot,a98115fcc9b31fafefeb6a408a319f707307e5c5,2,2,0,4509,4509,0,3.854,3.854,0.0,0.0
OpenTermsArchive/GenAI-versions,OTA-Bot,9256953def6e44afc9f7bc8940e9ab1477bdc0f2,23,24,-1,0,0,0,0.0,0.0,0.0,0.0
OpenTermsArchive/GenAI-snapshots,OTA-Bot,958bc3c307bf0c8603bddca83311bd127be8078d,2,2,0,4509,4509,0,3.854,3.854,0.0,0.0
OpenTermsArchive/GenAI-snapshots,OTA-Bot,06ef3452bb5a32f15003086597616fdc42b40cb2,2,2,0,4509,4509,0,3.854,3.854,0.0,0.0
OpenTermsArchive/GenAI-snapshots,OTA-Bot,872ddd49a6f933a174cdc2940ab5fc8483c1c2c9,2,2,0,4509,4509,0,3.854,3.854,0.0,0.0
adamlui/chatgpt-widescreen,kudo-sync-bot,f53b9c84769d339f6ccb360687ba989df5b7ef60,18,69,-51,852,852,0,2.196,2.196,0.0,0.0
adamlui/chatgpt-auto-continue,kudo-sync-bot,dbc2748c18abd9b24a9920e625257008c4dffb24,18,70,-52,560,560,0,2.258,2.258,0.0,0.0
adamlui/chatgpt-infinity,kudo-sync-bot,e2c74cc25531c629690438eb49c71ec8dad0c6fc,18,70,-52,674,674,0,2.167,2.167,0.0,0.0
remilatoufik1-byte/dark-control-server,remilatoufik1-byte,756dda0713d41cab3855ad18e8cde81da2415f29,24,19,4,28,29,1,2.8,2.9,0.1,24.0
symfony/ai-platform,chr-hertel,aae8cb99c0584e698fa2d0e4a8eeebefd1d4bb5e,164,2,101,1770,1782,12,1.859,1.854,-0.005,13.667
symfony/ai,chr-hertel,e7bec238e4f695da16ce00843ad0d7d7100d27b7,198,2,119,3403,3415,12,1.837,1.835,-0.002,16.5
gabrielmoreiradevs/Resume-AI,gabrielmoreiradevs,38f95c4eeb018de47dec0bae195d747330acd143,77,0,59,38,43,5,1.31,1.265,-0.045,15.4
cathackr/SmartCompute,Cathackr,d95e300d9369cd35b0d8f3ec2f46f38dce1b5ec6,430,10,1078,3298,3324,26,3.221,3.233,0.012,16.538
bluegreenmirror/loan-calculator-trial,bluegreenmirror,2f8b9c1868f55d0d175df4f83a7848369fca95d5,57,13,10,50,50,0,1.389,1.389,0.0,0.0
FrancescoPuglia/APP-SPORT,Francesco Puglia,1b4cb3c607a248161a2736805ee0a7b2ae95b42b,2283,119,1822,328,583,255,2.025,2.038,0.013,8.953
victorsolmn/Streaks_Flutter,victorsolmn,cdc099506a804cb1c5453dc49b39879b05f7628b,2198,674,1214,1427,1429,2,3.726,3.731,0.005,1099.0
Zoran-IA-Mimetique/Zoran-IA-Suicide-Prevention-EthicChain,Zoran-IA-Mimetique,ce1b731372274849b833b4cf7ba5c496e3405e2e,24,0,17,0,0,0,0.0,0.0,0.0,0.0
better-together-org/community-engine-rails,rsmithlal,9fe4132ff23f317f959136fc7ceb1db4acf1e234,14,1,11,4622,4623,1,1.6,1.6,0.0,14.0
genai-rs/langfuse-ergonomic,timvw,2b87553afad110aac59781b125a8a83622abd05f,723,49,506,282,312,30,2.712,2.737,0.025,24.1
austeane/austin-site,Austin Wallace,5f001d45f62ee3a4b981fd5786f02b8d6e0110b4,130,39,53,137,137,0,8.059,8.059,0.0,0.0
pyregence/pyregence,drewverlee,7086d0efc3e751c6a419a449b570238a8391d1b8,668,54,595,13,14,1,1.0,1.0,0.0,668.0
Tamoghna12/obsidian-ai-assistant,Tamoghna12,1d27c5c790258f5fe79912c222b1d6296a536594,5614,139,4169,312,197,-115,1.696,1.698,0.002,48.817
kevinveenbirkenbach/infinito-nexus,kevinveenbirkenbach,db642c1c39f13d649fb09c71f75c254e2721ae36,20,23,-2,3504,3504,0,3.331,3.331,0.0,0.0
pireifej/prayoverus-mobile,pireifej,cded3c1d8e25f69354ff6da62a08842a72903e2a,38,69,-27,874,874,0,1.525,1.525,0.0,0.0
ipergamali/mysmartroute,ipergamali,1864c539bbbe79f87d4c9dce959160fe56e2f70e,12,12,0,0,0,0,0.0,0.0,0.0,0.0
austeane/austin-site,Austin Wallace,755bc4f9f4d41e9c83961d95995ce5952506c9e2,43,9,51,136,136,0,8.0,8.0,0.0,0.0
codemucker/govhack_2025,bertvanbrakel,3ba0b4144dbf8de7068394723c49135dba84871d,56,16,32,1177,1180,3,1.578,1.582,0.004,18.667
tlon-team/tlon.el,benthamite,5c3c8f6b8cc18ccfd467393991e1c17baa473789,80,32,44,0,0,0,0.0,0.0,0.0,0.0
JAGAN666/health-triage-app,JAGAN666,97ee85f2bb0a05b6282d461311cd1886fbeb986c,230,29,0,2915,2915,0,2.002,2.002,0.0,0.0
kevinveenbirkenbach/infinito-nexus,kevinveenbirkenbach,2fccebbd1fe59fe2a7e358abb608c3c5bb25fb87,27,0,22,3498,3504,6,3.328,3.331,0.003,4.5
kevinveenbirkenbach/infinito-nexus,kevinveenbirkenbach,c23fbd8ec4ff9c14a809e1b789edb31c0f6283fa,131,0,121,3498,3498,0,3.328,3.328,0.0,0.0
micahbrochin-debug/sales-ai-tool,micahbrochin-debug,e24a2773427e6181e3d5db2c27240e0d8cd2e0ae,86,21,62,89,138,49,1.816,2.936,1.12,1.755
kevinveenbirkenbach/infinito-nexus,kevinveenbirkenbach,2999d9af770dc99bb3933863c3e29001c8dab32a,49,30,9,3498,3498,0,3.328,3.328,0.0,0.0
okeidar/REAnalysis,okeidar,7a1b73e0eeb8a37ce4d49e237509bd647b01c839,878,32,700,1262,1313,51,2.47,2.482,0.012,17.216
henryekeocha/skycast-weather-app,henryekeocha108,a020ef2c0ccecec91aad1f61aa3b32e414c7d1da,384,0,144,704,734,30,1.561,1.555,-0.006,12.8
sociotechnica-org/work-squared,jessmartin,929022899ab8d7075fad843771396a4d14fb9578,2852,6421,-3173,4169,3586,-583,1.588,1.597,0.009,4.892
Franksami/lineartime,Franksami,0e12c4cd400794dac3cd1b70eb1757395d1d2f14,289713,33477,237108,5631,21993,16362,1.854,1.889,0.035,17.706
Dpotr/linkedin_scraper,Dmpotr,506b3981330cc855f66017a60770fbcc872c59ea,2880,101,2118,526,835,309,13.487,9.94,-3.547,9.32
kmayhew2020/kinda-lang,kmayhew2020,624faa26c09395e7a70b44e4ef8b58d259586f45,769,92,501,1314,1374,60,2.194,2.174,-0.02,12.817
kevinveenbirkenbach/infinito-nexus,kevinveenbirkenbach,ba99e558f73595c851454568c475c263ee2daed0,23,3,19,3498,3498,0,3.328,3.328,0.0,0.0
kevinveenbirkenbach/certbot-domain-bundler,kevinveenbirkenbach,8e168b1b17cdc30fd0a9ed8176e5a16c8523a707,324,137,132,40,72,32,2.857,3.13,0.273,10.125
alisha-allie/Sorted-TheNewApp,alishaallie,c5943a25290b728c8ec085e597e2f1e93ecb66cd,131,19,25,684,695,11,1.795,1.805,0.01,11.909
kmayhew2020/kinda-lang,kmayhew2020,f65a0597a8a76821c503e988b0ea962302de2c80,767,90,501,1314,1374,60,2.194,2.174,-0.02,12.783
